"Marca temporal","
1.¿ Cuenta con un sistema de comunicación privado en la institución ?  ","2.  ¿ Cuentan con experiencia en un sistema de comunicación?    ","3.¿ Cuentan con sistema de comunicación directa entre estudiantes, profesores y padres de familia  ?","4.¿Cuentan  con un sistema de información y eventos de la institución ?","5.  ¿ La institución cuenta con un encargado para administrar la entrega de documentos   ?","6.¿El sistema  de comunicaciones están dividida Con sus respectivas categorías  ?","7.¿Cuentan  con un control preciso de todas las publicaciones del sistema de comunicación?","8.¿  La institución educativa cuenta con un control de observadores estudiantiles ?","9.¿ La institución cuenta con controlador de spam ?","10. ¿La institución maneja sistema de matricula manual o virtual ?"
"2023/02/28 9:39:38 p. m. GMT","No","NO","No","NO","si","SI","No","No","No","NO"
"2023/02/28 9:40:40 p. m. GMT","SI","SI","SI","SI","si","SI","Sí","No","Sí","SI"
"2023/02/28 9:45:33 p. m. GMT","No","NO","No","NO","si","SI","No","Sí","Sí","SI"
"2023/02/28 9:45:40 p. m. GMT","No","SI","No","NO","si","SI","Sí","Sí","No","NO"
"2023/02/28 9:46:20 p. m. GMT","No","NO","No","NO","No","No","Sí","No","Sí","NO"
"2023/02/28 9:48:47 p. m. GMT","SI","NO","SI","SI","No","SI","No","No","No","SI"
"2023/02/28 9:48:53 p. m. GMT","No","NO","No","NO","No","No","Sí","No","Sí","NO"
"2023/02/28 9:57:33 p. m. GMT","No","NO","SI","SI","si","SI","Sí","Sí","No","SI"
"2023/02/28 10:07:33 p. m. GMT","SI","NO","SI","SI","si","SI","Sí","No","No","SI"
"2023/02/28 10:10:16 p. m. GMT","No","SI","SI","NO","si","SI","No","No","No","SI"
"2023/02/28 10:11:03 p. m. GMT","No","NO","No","NO","No","No","Sí","No","No","SI"
"2023/02/28 10:11:04 p. m. GMT","No","NO","No","SI","si","SI","No","Sí","No","SI"
"2023/02/28 10:11:54 p. m. GMT","SI","SI","No","SI","No","No","Sí","Sí","Sí","NO"
"2023/02/28 10:12:28 p. m. GMT","No","NO","No","SI","No","No","No","Sí","Sí","SI"
"2023/02/28 10:14:56 p. m. GMT","No","SI","No","SI","No","No","Sí","No","No","SI"
"2023/02/28 10:17:19 p. m. GMT","SI","SI","SI","SI","si","SI","No","Sí","No","NO"
"2023/02/28 10:17:55 p. m. GMT","SI","SI","SI","SI","si","SI","No","Sí","No","NO"
"2023/02/28 10:19:43 p. m. GMT","No","NO","SI","NO","No","No","Sí","No","No","NO"
"2023/02/28 10:22:31 p. m. GMT","SI","SI","SI","NO","No","SI","No","No","No","NO"
"2023/02/28 10:27:49 p. m. GMT","SI","SI","SI","SI","si","SI","No","Sí","Sí","SI"
"2023/02/28 10:42:55 p. m. GMT","SI","NO","SI","SI","si","SI","No","Sí","No","SI"
"2023/02/28 10:49:10 p. m. GMT","SI","SI","SI","SI","si","No","Sí","No","No","SI"
"2023/02/28 11:25:33 p. m. GMT","No","SI","No","NO","No","No","No","Sí","No","NO"
"2023/03/01 12:26:58 a. m. GMT","No","SI","No","SI","No","No","Sí","No","No","NO"
"2023/03/01 1:31:21 a. m. GMT","SI","SI","No","SI","No","SI","Sí","No","No","NO"
"2023/03/01 1:55:21 a. m. GMT","No","SI","SI","SI","si","SI","Sí","Sí","Sí","SI"
"2023/03/01 2:03:31 a. m. GMT","SI","SI","SI","SI","si","SI","No","No","No","SI"
"2023/03/01 2:06:02 a. m. GMT","SI","SI","SI","SI","si","SI","Sí","Sí","Sí","SI"
"2023/03/01 2:06:25 a. m. GMT","SI","SI","SI","SI","si","SI","Sí","Sí","Sí","SI"
"2023/03/01 2:06:49 a. m. GMT","SI","SI","SI","SI","si","SI","No","Sí","Sí","SI"
"2023/03/01 2:07:02 a. m. GMT","SI","SI","SI","SI","si","SI","Sí","Sí","Sí","SI"
"2023/03/01 2:10:03 a. m. GMT","SI","NO","SI","NO","si","No","No","No","Sí","SI"
"2023/03/01 2:11:54 a. m. GMT","No","NO","No","NO","No","No","Sí","No","No","NO"
"2023/03/01 2:12:50 a. m. GMT","No","NO","No","NO","si","No","No","No","No","NO"
"2023/03/01 2:13:34 a. m. GMT","SI","NO","SI","SI","si","SI","No","Sí","No","NO"
"2023/03/01 2:13:39 a. m. GMT","No","NO","SI","SI","si","No","No","Sí","No","NO"
"2023/03/01 2:24:27 a. m. GMT","SI","SI","SI","SI","si","SI","Sí","Sí","No","SI"
"2023/03/01 2:24:53 a. m. GMT","SI","SI","SI","SI","si","SI","No","Sí","No","SI"
"2023/03/01 2:26:39 a. m. GMT","SI","SI","SI","SI","si","SI","Sí","Sí","Sí","SI"
"2023/03/01 2:26:53 a. m. GMT","SI","SI","No","SI","si","SI","Sí","Sí","No","SI"
"2023/03/01 2:27:38 a. m. GMT","SI","NO","SI","SI","si","SI","No","Sí","No","SI"
"2023/03/01 2:29:55 a. m. GMT","No","SI","No","SI","si","No","No","Sí","No","NO"
"2023/03/01 2:30:24 a. m. GMT","No","NO","No","NO","No","No","Sí","No","No","NO"
"2023/03/01 2:39:04 a. m. GMT","No","NO","SI","NO","si","SI","No","Sí","Sí","SI"
"2023/03/01 2:45:14 a. m. GMT","No","NO","No","NO","No","No","No","No","No","NO"
"2023/03/01 2:45:45 a. m. GMT","SI","SI","No","NO","si","SI","Sí","Sí","No","NO"
"2023/03/01 2:46:12 a. m. GMT","No","SI","SI","NO","No","No","No","Sí","Sí","NO"
"2023/03/01 2:55:30 a. m. GMT","No","NO","SI","SI","si","SI","No","Sí","No","SI"
"2023/03/01 3:30:57 a. m. GMT","No","SI","No","NO","si","SI","No","No","No","NO"
"2023/03/01 3:31:47 a. m. GMT","SI","SI","SI","SI","si","SI","Sí","Sí","Sí","SI"
"2023/03/01 3:32:41 a. m. GMT","SI","SI","SI","SI","si","SI","No","Sí","No","SI"
"2023/03/01 3:40:30 a. m. GMT","No","NO","SI","SI","si","No","Sí","Sí","Sí","SI"
"2023/03/01 3:41:04 a. m. GMT","SI","SI","SI","SI","si","SI","Sí","Sí","Sí","SI"
"2023/03/01 3:43:58 a. m. GMT","No","SI","SI","SI","si","SI","No","Sí","Sí","SI"
"2023/03/01 4:08:42 a. m. GMT","No","SI","SI","SI","si","SI","No","No","No","SI"
"2023/03/01 11:41:42 a. m. GMT","No","NO","SI","SI","si","SI","No","No","No","SI"
"2023/03/01 12:10:27 p. m. GMT","No","NO","SI","SI","si","SI","No","Sí","Sí","SI"
"2023/03/01 12:12:32 p. m. GMT","SI","SI","SI","SI","si","SI","Sí","Sí","Sí","SI"
"2023/03/01 1:39:39 p. m. GMT","No","SI","SI","SI","si","SI","No","Sí","No","SI"
"2023/03/01 1:39:56 p. m. GMT","No","NO","No","NO","No","No","Sí","No","Sí","NO"
"2023/03/01 5:29:31 p. m. GMT","No","NO","SI","NO","No","No","No","No","No","SI"
"2023/03/05 9:22:24 p. m. GMT","No","NO","No","NO","No","No","No","No","No","NO"
"2023/03/05 9:25:15 p. m. GMT","SI","SI","SI","SI","si","SI","No","Sí","No","SI"
"2023/03/05 9:26:13 p. m. GMT","SI","SI","SI","SI","si","SI","Sí","Sí","Sí","SI"
"2023/03/05 9:53:22 p. m. GMT","No","NO","No","NO","No","No","Sí","Sí","No","SI"